title,calories,calories from fat(g),total fat(g),saturated fat(g),cholesterol(mg),sodium(mg),total carbohydrate(g),dietary fiber(g),sugar(g),protein(g)
Best Banana Bread,2728,94,105,62,616,3383,425,14,244,37
Bourbon Chicken,5214,220,245,65,1453,1573,234,03,215,501
Creamy Cajun Chicken Pasta,7191,370,411,24,1986,8168,474,25,31,393
Jo Mama's World Famous Spaghetti,5559,236,263,9,518,20586,501,38,114,298
Beer Bread,4221,143,16,98,407,7079,587,17,85,69
Best Ever Banana Cake With Cream Cheese Frosting,5035,185,206,123,895,3654,757,1,557,55
To Die for Crock Pot Roast,2952,87,97,39,1498,3806,26,01,0,495
Kittencal's Italian Melt-In-Your-Mouth Meatballs,13126,757,842,35,4694,26157,251,21,21,1072
"Yes, Virginia There is a Great Meatloaf",4931,252,281,11,1652,12605,232,04,189,355
Oatmeal Raisin Cookies,1886,57,64,35,239,1171,303,18,151,35
The Best Easy Beef and Broccoli Stir-Fry,1501,63,71,09,0,7314,20,06,78,35
Simply Sour Cream Chicken Enchiladas,5073,265,295,139,854,7558,356,23,37,243
Olive Garden Copycat Zuppa Toscana,8404,517,575,261,155,22758,479,56,45,339
Scalloped Potatoes,2883,150,167,105,496,6822,243,23,09,11
Sour Cream Banana Bread,271,120,134,34,36,3488,348,14,196,41
Beth's Melt in Your Mouth Barbecue Ribs (Oven),12293,692,77,279,278,8724,59,1,485,712
Pancakes,998,35,4,23,303,2102,131,04,15,28
Crock-Pot Chicken With Black Beans & Cream Cheese,6792,315,35,152,1553,9134,501,112,99,459
Panera's Cream Cheese Potato Soup,3496,189,21,114,625,938,296,34,37,114
Delicious Chicken Pot Pie,5383,317,353,101,149,11137,469,44,31,88
Pete's Scratch Pancakes,2096,73,82,47,615,3349,281,08,43,59
Crock Pot Whole Chicken,327,211,235,67,1069,24268,22,09,02,256
Southern Buttermilk Biscuits,1626,66,74,45,193,4001,206,07,12,35
Soft Snickerdoodle Cookies,1823,73,82,5,358,1507,255,06,141,21
Chicken Parmesan,454,222,248,128,1768,9635,198,24,69,364
"""Whatever Floats Your Boat"" Brownies!",3907,180,20,102,403,1893,52,34,404,61
Creamy Burrito Casserole,5126,188,21,74,463,14728,587,65,41,217
Steak (Or Chicken) Fajitas,1372,52,58,11,0,3407,184,17,2,29
Better Than Olive Garden Alfredo Sauce,9833,620,69,39,2135,3747,687,28,28,232
Oven-Fried Chicken Chimichangas,3539,151,168,65,46,7179,315,24,22,187
Panera Broccoli Cheese Soup,7026,477,53,325,1583,8037,313,36,117,276
Chinese Fried Rice,4978,146,163,31,80,6068,646,37,56,223
Fannie Farmer's Classic Baked Macaroni & Cheese,8362,473,526,325,1647,8955,636,26,28,275
Banana Banana Bread,2338,78,88,52,513,2372,361,13,17,36
Crock Pot Cream Cheese Chicken,5474,399,444,19,1695,6968,64,02,2,298
Should Be Illegal Oven BBQ Ribs,12451,504,56,197,2347,11132,124,17,1115,657
Kittencal's Moist Cheddar-Garlic Oven Fried Chicken Breast,4521,235,261,148,1367,8526,186,14,15,349
Japanese Mum's Chicken,3131,114,127,35,1183,14705,158,04,136,311
Award Winning Chili,3006,64,72,29,605,13557,342,11,68,27
Turkey Meatloaf,3184,134,15,57,1277,9734,211,12,105,262
Greek Potatoes (Oven-Roasted and Delicious!),4097,125,139,2,0,239,662,86,32,77
My Family's Favorite Sloppy Joes (Pizza Joes),3253,156,174,67,771,7332,191,17,148,226
Mexican Rice,2801,88,99,09,0,6446,423,19,26,54
Authentic Italian Meatballs,1385,74,83,32,689,2033,46,03,04,107
The Best Belgian Waffles,636,312,347,72,1101,7505,673,17,129,136
Moist & Delicious Banana Nut Bread,1778,53,6,35,347,1548,292,09,164,25
Melt-In-Your-Mouth Chicken Breasts,2502,100,112,43,933,2612,13,01,01,342
Pizza Dough for Thin Crust Pizza,6101,46,52,07,0,2992,1207,52,04,176
Crock Pot Taco Soup,3392,89,99,27,425,7296,434,109,6,223
Ww 0 Point Weight Watchers Cabbage Soup,22,1,01,0,0,346,5,15,25,1
Easy Stove-Top Macaroni & Cheese,5907,219,244,149,713,5401,687,28,24,232
No-Bake Chocolate Oatmeal Cookies,1773,67,75,32,109,69,257,15,176,31
Perfect Pork Tenderloin,1362,36,4,13,738,59,0,0,0,234
Soft Peanut Butter Cookies,2017,98,109,49,287,1546,236,08,146,37
Restaurant Teriyaki Sauce,2905,0,01,0,0,27021,699,06,57,53
Chicken Tortilla Soup II,3221,163,181,101,742,1569,128,26,48,268
The Best Brownies,2186,110,123,2,372,824,266,11,201,25
Ground Beef Stuffed Green Bell Peppers With Cheese,13895,1087,1209,528,1894,10894,491,83,134,285
Spinach Artichoke Dip,1502,101,113,65,341,2916,55,28,14,77
The Only Chocolate Cake Recipe You'll Ever Need! (Devil's Food),4779,254,282,82,428,4018,551,18,376,45
Pulled Pork (Crock Pot),3351,62,69,2,1252,5846,253,08,181,402
Reeses Squares - 5 Ingredients & No Bake (Reese's),2228,123,137,62,157,1188,23,11,193,37
Creamy Garlic Penne Pasta,3638,74,83,44,193,2302,641,85,02,98
Absolute Best Ever Lasagna,5405,266,296,151,1423,10547,309,33,74,378
Cinnamon Cookies,493,18,21,12,9,382,73,01,42,06
"Pasta with Sausage, Tomatoes, and Cream",11247,652,725,328,187,17129,82,58,97,369
Roasted Asparagus,697,47,53,08,0,3067,47,23,15,27
Cracker Barrel's Hashbrowns Casserole - Copycat,4884,339,378,165,50,7513,301,2,36,103
Peach Cobbler,2766,79,89,53,377,1896,487,14,389,27
Denny's-Style French Toast,2643,97,109,54,142,3602,332,09,139,81
Baked Salmon,5823,432,48,7,774,12919,25,06,02,35
Oven Crisp Chicken Wings,3954,257,286,11,1172,1674,99,11,02,241
Kittencal's Chocolate Frosting/Icing,1038,45,5,31,114,366,168,19,132,12
Fudge Crinkles (A Great 4 Ingredient Cake Mix Cookie),1108,59,67,11,124,1473,126,04,66,14
Crepes,1246,36,41,18,605,1293,162,05,01,53
Dutch Apple Pie,4055,139,155,68,203,1896,658,34,411,32
Really Good Vegetarian Meatloaf (Really!),264,92,102,52,691,8104,29,7,36,148
The Most Wonderful Gingerbread Cookies,1342,29,32,19,154,946,244,06,107,19
Chicken Noodle Soup,3048,72,8,26,703,10852,323,24,36,241
Easy Peezy Pizza Dough (Bread Machine Pizza Dough),17272,281,313,44,0,23458,3147,123,262,42
Easy Moist Banana Blueberry Muffins,1939,52,58,34,29,2838,341,16,179,26
Panda Express Orange Chicken,3837,71,8,16,1281,12885,396,08,209,353
Ice Cubes,0,0,0,0,0,75,0,0,0,0
Buttery Bread Machine Rolls,1315,43,48,28,271,1906,186,07,21,32
Wonderful Salsa,125,0,01,0,0,2001,29,06,2,04
Best Ever Tuna Noodle Casserole,2282,84,94,36,457,7468,191,11,17,163
Moist and Delicious Banana Bread,2858,93,103,16,317,1202,46,13,287,34
Chicken Lazone,4845,259,288,155,2223,9859,32,06,02,513
Mashed Red Potatoes With Garlic and Parmesan,1996,54,6,37,167,5294,317,32,25,6
White Almond Sour Cream Wedding Cake,2099,58,65,19,6,2788,353,04,245,28
Romano's Macaroni Grill Rosemary Bread,7167,122,136,76,305,12744,1284,61,67,187
Banana-Chocolate Chip Muffins,1673,11,12,05,158,3152,375,13,222,28
Long John Silver's Fish Batter,1007,2,02,0,0,2489,216,07,01,24
Dark Chocolate Cake,1891,62,69,14,203,2524,309,14,201,28
Oreo Balls,2629,138,154,82,157,1449,293,06,238,31
Amazing Chicken Tortilla Soup!,1633,33,38,08,302,8285,155,29,53,162
Kittencal's Buttery Cut-Out Sugar Cookies W/ Icing That Hardens,1442,50,57,35,246,1078,22,03,126,16
Bev's Spaghetti Sauce,5651,299,333,111,1157,22415,314,82,213,387
Sweet Cornbread,2313,98,11,35,422,2396,299,08,126,39
Tuna Casserole,5267,190,212,102,1181,6425,524,28,28,311
Chewy Chocolate Cookies,1237,58,65,36,182,1007,146,07,98,21
The Best Chili You Will Ever Taste,7057,171,191,68,917,21785,844,203,361,474
Awesome Baked Pork Chops,6714,308,342,93,2022,764,351,18,32,502
Kittencal's Chicken Crescent Roll Casserole,5181,286,318,17,1264,8475,348,23,36,229
Homemade Cream of Mushroom Soup,1461,110,122,74,366,4948,57,06,13,44
MaMa's Supper Club Tilapia Parmesan,3768,170,19,108,155,4133,14,02,04,506
Awesome Baked Ham,10186,541,601,22,3196,281,226,02,221,915
World's Best Cinnamon Raisin Bread (Not Bread Machine),1896,38,43,25,255,834,34,14,108,41
Basic Pancake Mix,4544,149,166,46,1382,9379,618,17,87,14
Chicken Tikka Masala,4991,290,322,179,2063,14255,122,27,59,413
Pan-Roasted Broccoli,1085,65,73,09,0,1925,95,37,24,4
Chocolate! Chocolate! Chocolate! Bundt Cake With Chocolate Glaze,3216,122,136,6,271,3933,514,25,36,39
Caramelized Baked Chicken Legs/Wings,5356,240,267,7,157,15385,376,03,362,371
Steak Marinade,551,41,46,06,0,4111,28,01,15,08
Roasted Green Beans,1009,34,39,06,0,5951,16,62,74,42
Peanut Butter Cookies,126,61,68,31,179,1264,147,05,91,23
The Best Ever Waffles,3239,178,198,119,1126,630,296,08,43,75
Microwave Chocolate Mug Brownie,4426,223,248,155,611,3619,554,44,256,56
The Sweetest Blueberry Muffins,2564,85,95,56,542,1992,393,13,209,42
Chocolate Chip Muffins,3876,183,204,108,595,2672,452,18,257,65
Thousand Island Dressing,1089,71,79,12,61,3087,10,02,52,04
Homemade Hamburger Buns (Bread Machine),1989,32,37,2,241,1817,354,12,43,56
Perfectly Sweet Cornbread,226,98,11,35,422,2395,285,08,112,39
Utterly Deadly Southern Pecan Pie,588,255,283,75,1082,1775,831,26,421,63
Brussels Sprouts in Garlic Butter,2293,176,196,7,229,1101,127,42,28,44
Baked Chicken,3511,224,249,111,1233,1927,0,0,0,304
Ultimate Pizza Sauce,1601,97,108,33,98,999,147,35,92,41
Crock Pot Chicken Taco Meat,714,14,16,04,363,2393,07,02,03,127
Traditional Irish Shepherd's Pie,3872,178,198,76,1159,3973,229,42,89,226
Old-Fashioned Banana Cream Pie,3459,135,15,6,79,2578,478,21,289,62
Best Grilled Pork Chops,5975,364,405,107,1708,10735,12,01,03,537
Crock Pot Lasagna,10982,415,461,236,190,35766,92,81,209,789
All-Purpose Stir-Fry Sauce (Brown Garlic Sauce),2125,94,104,14,0,27778,195,05,119,6
Amazing Chicken Marinade,3376,152,169,26,755,8099,206,07,182,256
Poverty Meal,5787,196,218,74,771,6247,643,5,118,317
Cheesy Ham and Potato Soup,3251,181,202,123,666,912,211,23,21,154
Taco Bell Quesadillas,365,214,238,141,639,7838,182,11,28,193
Olive Garden Garlic Alfredo Sauce,28529,2674,2972,1851,9867,21061,195,03,22,386
Chewy Double Chocolate Chip Cookies,2629,122,136,81,384,1847,351,16,244,28
Loaded Baked Potato Salad,6646,360,40,196,975,15092,598,67,98,182
Low & Slow Oven Baked Ribs - Super Simple!,12933,788,876,31,3695,9953,227,04,163,1021
Kittencal's Best Blasted Rapid-Roast Whole Chicken,841,589,655,172,2438,2945,26,06,05,576
"Crispy Baked Chicken Leg Quarters (Very Easy, One Dish)",3365,182,203,57,1386,21434,26,04,06,342
Italian Wedding Soup,295,89,10,36,845,1214,244,21,27,246
Chili's Salsa,51,0,0,0,0,702,12,02,04,02
Southern Fried Chicken,797,357,398,115,3561,30122,505,21,11,553
The Perfect Burger,3204,200,223,79,1266,5755,55,11,28,236
Best Beef Stroganoff,5822,289,321,151,1396,9049,486,22,37,243
Crabs - Garlic Butter Baked Crab Legs,9944,599,666,316,3626,52752,68,04,07,894
Olive Garden Pasta E Fagioli Soup in a Crock Pot (Copycat),3773,119,132,49,519,5609,40,86,84,246
Uncle Bill's Green Split Pea With Hambone Soup,1285,4,05,01,01,3909,233,92,43,86
Best Oatmeal Raisin Cookies,1296,50,57,27,218,1411,186,08,105,18
Vanilla  Buttercream Frosting (From Sprinkles Cupcakes),2731,138,154,97,407,272,35,0,343,02
Leftover Mashed Potato Pancakes,2669,33,37,14,972,670,49,36,33,88
Bev's Sauteed Yellow Squash,1598,108,121,74,305,1083,124,37,76,4
Caramelized Butternut Squash,3074,107,119,74,305,6007,534,76,172,39
Bacardi Rum Cake,6694,323,359,95,998,5832,707,16,515,59
Rice Pudding,7575,146,163,92,488,5072,1316,1,747,202
Classic Potato Salad,2379,32,36,11,1166,3728,434,53,62,87
Pork Tenderloin,2241,88,99,24,984,8541,06,01,0,314
"Chicken, Shrimp and Andouille Jambalaya",5078,209,233,7,1392,12672,36,21,36,362
The Best Chicken Tortilla Soup,3981,180,201,67,723,17294,256,73,101,317
Do at Home Onion Rings,3786,158,176,36,55,433,46,25,34,92
Weight Watchers Parmesan Chicken Cutlets,1729,44,5,18,782,2941,33,03,03,271
Cinnamon Raisin Bread for the Bread Machine,20782,249,277,55,0,37865,4165,182,1032,465
Olive Garden Fettuccine Alfredo,8803,577,642,381,2646,473,588,25,29,192
Korean Roast Chicken Thighs,2816,175,195,47,79,10784,83,04,69,183
Southern Sweet Iced Tea,5805,0,0,0,0,1086,150,0,1497,0
Easy Breakfast Casserole,1994,125,14,74,2172,4216,44,0,03,136
Buttermilk Pancakes,6282,227,253,124,1712,16595,809,23,167,184
White Chocolate Chip Cranberry Oatmeal Cookies,986,40,45,26,129,632,137,06,86,13
Beef Tips,2788,122,136,38,968,12956,52,05,21,344
Roasted Brussels Sprouts!,101,65,73,11,0,2178,82,3,2,29
Jumbo Shrimp Parmesan,5116,286,318,118,2532,14421,247,21,25,318
Rosie's Traditional Irish Soda Bread,2116,60,67,36,382,2634,339,13,114,46
New York-Style Pizza Crust,824,21,24,04,0,11737,1726,69,48,24
"Baja Black Beans, Corn and Rice",3964,48,54,09,0,203,78,11,61,124
Taco Seasoning Mix,29,5,07,01,0,23725,6,15,15,09
Sesame Chicken,2557,37,42,08,755,848,282,06,236,267
Szechuan Noodles With Spicy Beef Sauce,6171,230,256,8,778,10978,633,4,104,317
Perfect Rump Roast,9168,496,552,217,3402,19881,44,09,12,946
"Thick, Soft, and Chewy Chocolate Chip Cookies",1643,77,86,41,171,975,217,08,141,17
Quick Yeast Bread,14336,281,312,41,0,11823,2476,117,5,371
Chicken Pot Pie With 2 Crusts,5624,313,348,87,388,9146,422,46,07,204
Fantastic Taco Casserole,3499,191,213,103,728,1190,162,53,31,241
Nestle Toll House Chocolate Chip Pan Cookie,1177,55,62,38,179,1133,155,06,104,12
World's Best Butter Cookies,665,35,4,25,14,129,71,01,31,06
Perfect Turkey in an Electric Roaster Oven,4829,232,259,69,1938,1853,01,0,0,582
Angel Food Cake - Homemade,1248,1,01,0,0,78,274,01,206,34
Bread Machine Cinnamon Buns,2948,65,73,43,337,2176,526,16,24,52
Throw Away the Bread Machine Instructions!.... White Bread,1608,40,45,16,51,2122,262,1,22,35
Best Albondigas Soup,2608,141,158,58,667,11065,104,18,4,187
The Very Best Salisbury Steak,332,172,191,71,1081,7644,139,09,44,253
Chocolate Buttercream Frosting,5566,182,203,122,519,1747,929,21,838,3
Scalloped Potatoes and Ham,3785,183,204,119,78,15744,295,3,21,197
Biscuits,1397,52,59,36,157,3677,191,06,22,27
Thick and Creamy New England Clam Chowder,7536,361,402,206,1445,1414,762,84,57,243
Failproof French Bread (Bread Machine),2019,5,06,01,0,2933,421,17,01,6
Broil a Perfect Steak,178,52,58,22,79,61,0,0,0,294
Traditional Tamales (Pork),1533,83,93,28,225,1965,107,09,01,68
Chicken and Dumplings,9365,464,516,131,179,26411,611,45,52,544
"Crock Pot Chicken, Gravy and Stuffing",5941,390,434,23,1704,16322,128,0,2,375
Slow-Cooker Beef Short Ribs,9768,688,765,347,164,9791,407,16,308,294
Classic Baked Ziti,4637,149,166,84,70,5018,461,23,29,307
The Best Browned Beef Stew Ever,4738,176,196,43,726,17925,435,57,67,323
Kung Pao Chicken,7033,180,20,32,968,10526,836,31,42,455
The Best Apple Pie Muffins Ever,2765,101,112,29,177,1282,417,09,259,29
Macaroni Salad,2373,10,12,02,0,651,476,34,46,84
Easy Banana Muffins,1707,51,58,34,29,1868,281,13,125,26
Chili Con Carne With Beans,6285,216,241,92,1028,17184,574,111,102,442
New York Cheesecake,6306,419,466,258,2387,4719,452,04,367,99
Macaroni and Cheese,8147,363,404,248,1091,1329,812,29,22,313
Mozzarella Sticks,1827,90,101,55,617,3547,112,09,14,114
Uncle Bill's Fried Potatoes and Onions,4626,167,186,83,305,271,684,88,45,81
Perfect Chocolate Brownies,1744,83,93,2,266,107,223,12,162,26
Authentic Italian Tomato Sauce,1454,59,66,12,18,3088,21,41,126,4
Kittencal's Famous Coleslaw,929,6,07,03,14,436,21,33,168,24
Easy Stir Fry Sauce,1265,0,01,0,0,26894,265,05,187,52
(Panera Bread) Black Bean Soup,2414,11,13,03,03,790,443,145,25,147
Chocolate Cream Pie,4629,201,224,94,1157,2865,568,14,362,92
Kittencal's Chinese Chicken Balls With Sweet and Sour Sauce,555,127,142,4,928,7144,731,07,429,323
Alfredo Sauce,4899,453,504,315,159,3124,25,0,02,87
Quick Soft Breadsticks,1131,29,33,04,0,1309,184,07,23,24
Artichoke and Chicken Bake,2686,78,88,4,92,4832,128,86,12,352
Crock Pot - Style Loaded Baked Potato Soup,4787,289,322,184,916,1761,354,33,3,134
Peanut Butter Chocolate Chip Cookies,2061,106,119,58,239,754,242,12,172,33
"Grilled Cheese, Diner Style",180,46,51,25,91,3927,265,12,21,66
Potato Soup,8682,397,442,277,1414,9536,856,75,29,344
Quick Spanish Rice,1571,21,24,11,52,2158,299,13,28,39
Tortellini Tomato Spinach Soup,3126,89,10,33,27,12107,403,46,53,171
Quick n Easy Quiche Crust,2331,124,138,19,0,292,239,08,01,32
Crock Pot Ham and Beans,6361,131,146,48,781,22811,769,238,42,517
German Apple Cake,3609,132,147,21,31,2148,554,18,377,33
White Chicken Chili,497,217,242,12,1146,14274,366,108,43,348
"Easy Crock Pot Moroccan Chicken, Chickpea and Apricot Tagine",4888,71,8,14,767,6451,717,111,315,36
Barilla No-Boil Lasagna,3228,191,212,109,1062,5538,104,16,6,216
Beef Patties in Onion Gravy,3591,170,19,72,1236,992,194,14,15,256
Incredibly Delicious Cheese Garlic Bread Spread,9284,812,903,313,938,14334,5,03,06,264
Awesome Slow Cooker Pot Roast,50,27,3,07,0,5466,5,02,08,1
Crock Pot White Chicken Chili,3026,72,81,3,56,9965,324,82,35,254
Award-Winning Butter Tarts,841,28,32,19,192,411,144,02,86,06
Crispy Ginger Beef,9449,276,307,104,3402,17406,1062,3,535,589
Lee Lee's Famous Chocolate Sauce for Ice Cream,1457,41,46,27,114,1114,265,05,25,06
Our Favourite Lemon Loaf,27146,973,1082,645,6331,25459,4093,68,2531,377
Microwave Poached Eggs,716,42,48,16,186,734,04,0,02,63
Blueberry Pie,4852,171,191,7,309,3202,751,43,37,58
Broccoli Salad,3567,246,274,85,435,5916,194,13,113,92
Thai Chicken Breasts,3871,91,101,17,755,12697,445,17,277,296
Best Cream of Broccoli Soup,3067,185,206,123,552,9025,201,32,36,122
Mahogany Beef Stew,6563,236,262,87,1753,6231,337,55,162,592
Simple Baked Chicken Drumsticks,5289,256,285,78,2661,2726,0,0,0,633
Very Moist Banana Nut Bread,2267,97,109,14,234,1305,309,13,194,27
Top Rated Classic Meatloaf,5886,249,277,105,1622,16132,461,21,196,377
Crumb Topped Banana Muffins,2209,60,67,4,316,2939,388,13,226,26
Granny's Slow Cooker Vegetarian Chili,2938,25,29,05,0,11148,594,143,136,139
Wet Burritos,10284,395,439,207,1369,30801,984,138,123,602
Patti Labelle's Macaroni and Cheese,6318,348,388,23,1535,7497,483,18,41,224
Old Bay Shrimp Boil,8164,321,357,111,3559,40339,706,78,101,533
N. Y. C. Corned Beef and Cabbage,5638,229,255,81,1111,16728,604,146,91,293
Ground Beef Gyros,4364,128,143,6,817,4368,441,31,73,316
Simple Oven-Baked Sea Bass,294,102,114,21,929,13184,36,09,02,424
Copy-Cat Panera Cream of Chicken and Wild Rice Soup,5786,450,50,301,1557,1042,184,16,34,152
Charlie's Famous Chicken Salad With Grapes,2066,85,95,2,592,5236,113,09,83,182
Extremely Soft White Bread  (Bread Machine),20191,529,588,77,0,23446,3272,123,387,42
"Milk-Free, Egg-Free Pancakes",1552,51,57,13,31,3016,227,06,64,32
Melt in Your Mouth Banana Bread,5837,189,211,33,93,6633,941,18,662,68
Cranberry Orange Muffins,1815,46,52,08,155,1864,312,1,142,28
Red Lobster Cheddar Bay Biscuits Copycat,2805,175,195,105,414,479,214,07,38,51
Carrabba's Sausage and Lentil Soup,3454,125,139,47,259,12497,322,136,55,228
Copycat  Green Giant Niblets Corn in Butter Sauce,1645,89,99,59,244,5496,197,22,04,28
Delicious Homemade Egg Noodles,1129,17,19,06,684,4751,193,07,01,39
Fajita Seasoning Mix,82,1,01,0,0,2777,18,03,05,02
Copycat Applebee's Hot Artichoke and Spinach Dip,2284,138,154,88,485,4177,124,77,2,127
Gordon Ramsay's Yorkshire Pudding,2598,130,145,34,1301,2679,23,07,33,88
""" Ant"" Kelly's London Broil Marinade",6735,357,397,115,1966,16207,8,03,47,67
Oven-Roasted Corn on the Cob,1225,8,1,01,0,62,294,35,47,41
Jolean's Cheese Potato & Smoked Sausage Casserole,8714,587,653,318,1766,23268,373,28,66,335
Crusty French Bread,12415,92,103,14,0,2342,2472,101,71,347
Balsamic Chicken Thighs,2911,79,89,23,1882,1999,44,0,24,449
Zucchini Lasagna (Lasagne) - Low Carb,2611,104,116,51,987,631,161,34,105,245
Paula Deen Crock Pot Macaroni and Cheese,8218,479,532,319,2828,14646,506,24,65,351
Vanishing Oatmeal Raisin Cookies,1097,40,45,26,179,893,163,09,84,16
Best Baked Potato,2841,2,03,01,0,221,645,81,29,75
Debbie's Crock Pot Chili,6424,261,291,106,1157,14477,508,189,145,476
Homemade Chicken Pot Pie,14524,729,811,254,1019,19422,1328,118,97,487
Thai Noodles With Spicy Peanut Sauce,3184,104,116,19,0,5554,461,27,117,91
Cake Mix Cookies,6172,337,375,117,465,5569,742,4,478,72
Tartar Sauce,21,0,0,0,0,73,05,01,02,01
Cross Rib Roast,474,31,35,05,0,17474,37,06,12,04
Oatmeal Chocolate Chip Lactation Cookies by Noel Trujillo,1381,47,53,29,159,101,208,14,94,26
Famous Barr's French Onion Soup,1458,58,65,4,152,1086,184,29,61,46
Kittencal's Perfect Prime Rib Roast Beef,9348,689,766,318,1928,6405,19,01,02,524
Olive Garden Style Chicken and Gnocchi Soup,2369,136,152,64,608,2406,83,04,26,164
5 Minute Vegan Pancakes,4448,147,163,21,0,12978,65,24,113,104
Cube Steak and Gravy (Crock Pot),632,39,44,1,0,526,5,0,11,12
Lemon Bars,5922,231,258,154,154,2622,853,1,577,7
Unbelievable Baked Buffalo Wings,5705,383,426,115,1748,52122,28,1,11,423
Kittencal's 5-Minute Cinnamon Flop Brunch Cake,2911,53,6,36,165,1838,568,08,357,37
Cornbread,1696,49,55,31,285,2421,273,12,84,33
Easy Creamy Sour Cream Chicken Casserole,619,419,466,243,1725,11022,202,05,41,298
Honey Mustard,7001,377,42,62,42,18214,833,23,752,37
Queso Blanco Dip,491,349,389,243,1135,17799,132,07,18,235
Roasted Garlic Mashed Potatoes - the Best You've Ever Had,3565,162,18,95,38,1291,45,53,24,6
Turkey Meatballs,1657,63,71,19,832,3173,8,07,09,174
Why-I-Joined-Zaar Carrot Cake,6621,344,383,113,775,5826,764,29,56,69
Kittencal's Taco Seasoning Mix,781,31,35,05,0,2722,137,74,15,37
Chinese Egg Rolls,1598,47,53,18,32,7295,198,08,06,76
General Tso's Chicken,4101,48,54,13,1322,18916,45,12,202,415
Neiman-Marcus $250 Chocolate Chip Cookies Recipe,1757,82,92,45,185,1276,228,15,139,25
Jewelry Cleaner,0,0,0,0,0,107407,0,0,0,0
Boeuf Bourguignon a La Julia Child,911,488,543,202,2029,11686,271,45,11,566
Easy Bisquick Chicken Pot Pie,1003,45,51,15,527,3696,45,0,13,87
Blueberry Buttermilk Muffins,4837,161,179,106,1043,4957,725,23,308,93
Best Ever Banana Muffins,2491,69,77,46,387,3783,431,17,223,34
Best Grape Salad,2986,123,138,53,249,68,451,18,41,28
Rustic Italian Bread ABM,84,14,16,02,0,909,149,06,05,23
World's Best Chocolate Chip Cookies,108,53,59,3,119,636,138,07,89,13
Flourless Peanut Butter Cookies,984,50,56,12,78,1048,104,07,93,3
Carrabba's Chicken Bryan,5446,352,391,239,1699,12178,106,19,66,356
Fruit Salad With Pudding!,739,2,02,01,0,861,187,14,159,06
Homemade Rice a Roni,3151,64,72,39,132,51674,509,17,59,108
Whipped Cream Frosting,29628,2097,233,1167,6521,873,1857,172,124,359
Hamburger Noodle Bake,7425,376,418,211,2008,15155,512,37,99,409
Soft Chocolate Chip Cookies,160,77,86,41,171,1092,208,08,139,16
Quick and Easy Pizza Dough,9978,30,34,05,0,5974,2083,10,132,307
Perfect Basic White Rice,1688,2,03,01,0,5872,37,06,01,33
Oatmeal Cottage Cheese Pancakes,3371,66,74,22,179,6041,325,41,47,314
Creamy Macaroni and Cheese,9021,513,57,356,1732,9666,581,22,23,391
Chicken Cordon Bleu,631,427,475,253,2034,2664,75,02,07,392
Gluten Free French Bread,1059,17,2,11,41,2586,193,09,18,26
The Best Sweet and Sour Sauce,4405,1,02,0,0,6978,1087,06,88,2
Stir-Fry Chicken With Garlic Sauce,2775,88,98,15,726,1140,215,05,179,263
Basic Batter Waffles,3453,149,166,37,715,4331,399,11,45,86
Kittencal's Scalloped Potato and Ground Beef Casserole,5219,273,304,145,1038,8351,326,34,31,293
Almost White Castle Hamburgers,3263,125,139,48,566,7582,33,17,55,17
Yummy Crunchy Apple Pie,3606,132,148,77,305,1446,574,37,403,28
Baked Tilapia With Lots of Spice,2023,56,63,13,567,7432,115,12,11,251
Sweet and Sour Meatballs,625,262,292,85,1236,13543,66,11,554,264
Softest Ever Bread Machine Bread,19673,528,587,77,0,2344,3143,12,262,416
Sandra's Key Lime Pie,4262,207,23,103,1104,3278,491,05,396,78
Buttermilk Pie,3959,171,191,98,1015,2698,522,07,399,5
Grandma's Soft Sugar Cookies,1228,59,66,09,155,849,144,03,63,16
Cake Batter Ice Cream,2384,165,184,114,677,288,176,0,163,17
Jiffy Corn Casserole (5 Ingredients) Easy & Delicious!,3622,192,214,116,46,7828,413,36,42,52
Black Bean and Tortilla Bake,2688,41,47,2,8,4619,408,93,38,181
Gumbo,5516,424,471,131,658,17081,135,13,21,177
Baked Pesto Chicken,1975,58,65,27,866,2315,46,34,03,302
Skillet Parmesan Chicken,4835,216,241,96,162,7329,246,12,13,401
Simple Vanilla Cupcakes,2173,84,94,56,542,2473,296,06,126,4
Crock Pot Ravioli,1866,71,8,34,175,8886,217,42,142,71
Apple or Pear Cake,557,248,276,78,675,3955,74,21,479,52
Southern Fried Salmon Patties,2201,59,66,13,1322,4381,128,09,05,272
Potato Kielbasa Skillet,7893,344,382,115,748,13476,894,115,8,24
Chicken Cordon Bleu Casserole,7038,304,339,162,2928,18315,129,0,12,827
Kittencal's Easy and Delicious Ranch-Parmesan Chicken,4863,300,334,97,1127,8377,161,12,21,296
Ranch Chicken Thighs,3579,237,264,65,892,4207,99,07,11,194
Dumplings,862,25,29,17,79,1675,128,04,0,21
Ground Turkey Chili For People Who Hate Ground Turkey,3021,75,84,21,653,7037,322,93,81,28
Copycat Recipe for Carrabba's Chicken Marsala,3784,232,258,148,1468,2556,65,06,13,281
"Cinnamon Sugar Bread, Bread Machine",24206,576,64,37,3422,17714,4038,14,1011,569
The Ultimate Greek Salad,2233,175,196,5,167,3539,96,26,41,46
Tub and Shower Magic,751,0,0,0,0,179,33,0,14,0
Pepper Steak,2376,66,73,2,624,1331,122,24,39,301
Crunchy Granola,5333,173,192,19,0,293,809,91,34,125
Taco Soup,2195,36,41,1,261,7351,327,78,28,16
Pineapple Upside Down Cake,316,166,185,61,823,2333,368,08,343,25
Brown Rice and Lentil Casserole,176,52,59,32,121,5577,209,29,18,99
Naan,2131,11,12,06,29,3042,417,14,36,77
100% Whole Grain Wheat Bread,1764,36,4,06,0,2936,325,43,49,54
Cheesecake Cookies,1567,80,89,52,37,842,175,02,112,21
Easy Cole Slaw,1591,81,91,15,79,3971,194,19,124,15
"Pork Tenderloin, the Best Ever",4334,108,121,33,123,44458,352,32,29,435
Pepsi Pork Roast,6932,370,411,145,2267,8308,112,02,64,656
A Perfect Eye of Round Roast Beef,0,0,0,0,0,0,0,0,0,0
Chicago Italian Beef,15194,530,59,228,3402,20522,1199,61,7,1215
Country White Bread or Dinner Rolls (Bread Machine),1301,17,2,03,124,2387,243,09,34,35
One Minute Flax Muffin - Low Carb,2684,189,211,32,186,2612,111,9,07,115
Chicken Enchiladas,6142,311,346,166,1185,1232,424,29,51,329
The Richest Alfredo Sauce,1003,914,1017,614,3003,10088,112,01,4,157
Carb Free Cloud Bread,433,25,29,09,1116,427,03,0,01,38
"Sweet, Creamy Coleslaw",633,1,02,01,0,414,149,43,10,21
"Cranberry, Feta and Walnut Salad",4111,269,299,73,268,3537,338,28,266,67
Almost Tortuga Rum Cake,6284,298,332,124,1041,5989,688,07,496,52
Real Southern Cornbread,2351,101,113,32,324,3033,291,15,51,49
Homemade Drain Cleaner and Declogger,214,0,0,0,0,153316,01,0,01,0
Waldorf-Astoria Red Velvet Cake,511,233,259,127,753,478,658,07,428,5
Real English Fish and Chips With Yorkshire Beer Batter,6333,20,23,05,993,4631,945,87,29,527
Perfect Boiled Shrimp,1673,20,23,03,2858,12852,23,0,01,309
Old-fashioned Linguine with White Clam Sauce,7951,204,227,76,903,14352,962,41,39,484
Deliciously Cheesy Baked Ziti,7076,308,343,154,1109,14286,63,48,124,347
Ww 5 Can Soup,2099,22,25,04,04,3086,40,94,74,108
Magnolia Bakery's Vanilla Birthday Cake and Frosting,6454,227,252,155,1107,1826,1023,06,838,47
Sausage Gravy,2696,176,196,78,579,4208,97,01,0,131
Salmon Patties,738,29,33,08,801,532,01,0,01,102
Butterfinger Pie,5828,326,363,205,312,3742,627,13,425,58
Tilapia Al Ajillo (Garlic Tilapia),2574,117,13,24,851,892,1,01,0,344
Parmesan Crusted Tilapia,294,67,75,34,1048,3884,119,08,12,445
Best Twice-Baked Potatoes,4246,234,261,102,374,6213,392,47,27,10
Cabbage and Noodles,4977,182,203,71,842,1005,667,65,73,137
Reduced Fat Alfredo Sauce,912,54,6,38,178,1223,56,01,32,39
Emeril's Essence,2681,50,56,12,0,186512,583,211,48,118
Pork Chops Yum-Yum,4271,163,182,6,1373,12928,208,03,195,44
Turkey Breakfast Sausage Patties,1754,80,89,24,783,6482,15,07,01,226
Beer 'n BBQ Braised Country Style Pork Ribs,4827,117,131,46,1678,8616,357,11,233,478
Unbelievably Easy Potato Soup,3432,23,26,15,85,738,718,92,5,101
Pizza Casserole,1027,569,632,266,2168,19505,60,49,116,522
Chile Verde Con Cerdo (Green Chili With Pork),1279,40,45,09,417,4089,72,12,21,146
Buffalo Chicken Dip,33438,2900,3222,1192,7917,87546,375,22,226,83
Pork Roast the Old-Fashion Way (Cast Iron Dutch Oven),6356,180,201,63,316,8508,73,07,08,1003
Boursin Cheese (Homemade),10873,1032,1147,689,3336,11046,76,03,5,118
Moist and Tender Turkey (Or Turkey Breast),3414,172,192,68,1388,2501,01,0,01,393
Sweet Chicken Bacon Wraps (Paula Deen),2938,168,187,6,62,4064,144,05,134,166
Crock Pot Meatloaf,3766,166,186,75,1646,6167,143,09,11,355
"The Easiest, Bestest Focaccia Bread Ever!!",1842,63,71,25,118,296,231,1,06,67
Corned Beef and Cabbage in Guinness,7172,390,434,145,2221,28757,355,68,78,453
Banana-Oatmeal Bread,2106,56,63,11,313,1399,344,19,138,47
Ellinikos Lemoni Patatas  (Greek Lemon Potatoes),3219,114,127,19,0,4291,479,43,27,59
Roasted Cauliflower & 16 Roasted Cloves of Garlic,1269,84,94,13,0,4312,97,3,28,32
Fried Mushrooms,5389,41,46,1,0,8215,1065,55,65,169
Cheesecake Factory Cheesecake,6965,485,539,267,2487,4063,438,11,388,124
The Best Bowl of Chili I've Ever Had...,8407,369,41,182,1487,17742,623,189,189,547
Slow Cooker Chicken Noodle Soup,4659,252,281,8,1407,17095,189,2,28,327
Nut-Free Carrot Cake,5478,266,296,76,698,2734,685,13,544,43
Lemon Baked Cod,2253,111,124,75,794,4536,65,02,02,212
"Shredded Chicken for Enchiladas, Tostadas, Tacos...",1114,50,56,24,39,11498,26,06,11,124
Pan Grilled Pork Chops,370,192,214,64,1373,6911,04,02,0,413
Kittencal's Famous Greek Salad,4897,422,47,111,338,7951,129,4,59,78
Tender Pot Roast,4361,174,194,71,1521,3281,137,14,8,507
Breaded Breast of Chicken (Chicken Cutlets),3967,164,182,41,1753,3029,199,12,18,36
Cauliflower Popcorn - Roasted Cauliflower,1561,125,139,2,0,6257,73,29,28,28
Famous Challah,23623,576,641,94,186,35792,3871,137,513,543
Quiche,3368,208,232,102,1284,3868,181,12,03,136
Pizza Hut Style Pizza Dough (Bread Machine),2863,47,53,07,0,5495,518,22,16,71
Pumpkin Chocolate Chip Muffins,2464,119,133,34,248,1969,314,12,198,28
Baked Buffalo Chicken Breasts,2287,122,136,37,732,4961,11,02,03,241
Grandmas Sloppy Joes,3495,158,176,66,1015,7941,147,18,114,329
Baked Balsamic Chicken,1703,90,101,24,464,6309,32,02,24,153
Finger-Licking Chicken Marinade,10604,1009,1122,147,42,38745,144,15,47,14
Baked Chicken Tenders,3544,117,131,45,1152,8619,152,1,17,414
Spinach & Feta Stuffed Chicken Breast (Quick & Easy),8706,494,549,259,1878,18581,475,55,55,477
Copycat IHOP Harvest Grain & Nut Pancakes,4327,217,242,35,502,11278,457,5,176,118
Skylike Chili - Skyline Chili Copycat,2415,134,15,6,617,8126,76,22,36,194
Chocolate Eclair Dessert,4801,184,205,97,102,3361,704,17,439,63
Creamy Turkey Tetrazzini,4209,121,135,71,338,11308,479,22,43,225
Peanut Butter No Bake Cookies,934,36,41,09,04,374,129,08,89,21
Pumpkin Spice Bread,2602,91,101,15,31,279,402,12,257,31
Chi Chi's Seafood Enchiladas,8471,353,392,219,1591,19734,765,35,166,38
Awesome Homemade Crusty Bread (Bread Machine),9898,175,195,46,0,15618,1778,69,173,235
Homemade Gnocchi,3331,110,123,72,833,4972,41,16,05,137
Basic Sourdough Bread,15937,176,197,107,476,24943,3044,101,136,429
Kittencal's Marinara Pasta Sauce (Vegetarian),2078,97,108,15,0,9336,236,53,144,44
Mashed Potatoes,4509,121,135,35,52,171,754,94,35,94
Mashed Sweet Potatoes,327,129,144,91,408,420,469,68,106,38
Chicken Marsala,535,253,282,98,106,539,128,05,27,267
Outback Steakhouse-Style Steak,164,4,05,01,0,23284,35,14,04,07
(Shrimp) Cocktail Sauce,1639,5,06,01,0,2220,425,09,377,29
Awesome Blueberry Muffins,3841,145,161,53,399,3017,57,15,331,43
Split Pea Soup (Crock Pot) - Dairy Free,5256,49,55,16,364,11379,767,311,128,445
Taco Bell Taco Sauce,238,3,03,0,0,305,49,12,29,11
Aloo Gobi,2159,67,75,1,0,3351,344,64,57,57
Traditional Meatloaf,3042,132,148,6,140,6966,14,09,48,276
Pasta E Fagioli (Italian soup) with Italian Sausage,5611,316,351,116,647,15224,344,39,6,269
Crispy Tilapia,5073,72,81,27,218,4355,333,18,17,749
Baked Stuffed Pasta Shells,3975,176,196,116,1037,3847,312,16,25,232
Healthy Honey Oatmeal Cookies,1717,43,49,25,278,1896,304,19,178,31
"Taco Seasoning - Budget Friendly Seasoning for Tacos, Burritos..",483,16,18,02,0,6721,88,35,15,22
Parmesan Sage Pork Chops,7826,380,423,162,2676,8747,367,23,29,603
Frito Lay Bean Dip,1002,11,13,04,0,7683,171,55,11,58
Easy Lemon Pound Cake,3386,121,135,81,791,2455,509,07,316,47
Roasted Tomato Soup,561,23,26,04,0,9,78,2,46,16
French Bread Rolls to Die For,1372,18,2,03,0,1471,257,11,17,35
Chocolate Chip Pancakes,1342,62,69,4,44,1956,153,07,37,33
Intensely Chocolate Cocoa Brownies,2453,106,118,68,685,191,322,11,223,34
Alton Brown's Baked Brown Rice,1881,29,33,15,51,394,357,16,04,37
Honey Barbecue Chicken Wings,16594,846,941,344,4006,32913,1227,16,107,822
Baked Ziti,4032,185,206,119,698,607,309,22,57,229
La Madeleine's Tomato-Basil Soup,2423,205,228,142,713,3444,96,16,68,26
Crock Pot Chicken Cacciatore,9487,558,62,162,2552,15033,239,52,139,691
Herbed Pork Tenderloin,2252,98,109,23,738,3527,68,12,27,243
Minado's Perfect Sushi Rice,3825,4,05,01,0,12189,855,26,96,63
4 Minute Spicy Garlic Shrimp,1524,125,139,19,454,2058,21,03,02,52
Peanut Butter Popcorn,2282,75,84,17,0,879,368,18,198,48
Ciabatta (Italian Slipper Bread),378,41,46,08,11,880,722,27,02,102
Brilliant Potato Soup,2423,90,10,62,33,7312,309,31,22,82
Sweet Bacon-Wrapped Venison Tenderloin,25468,570,634,199,1588,171249,3655,23,350,1414
Easy Weeknight Sloppy Joes,3466,206,23,87,805,6199,142,05,121,203
Overnight French Toast Casserole,3384,139,155,85,1361,3266,432,09,253,75
Red Lobster Parrot Bay Coconut Shrimp,5378,141,157,102,616,4905,85,35,269,144
Wholly Guacamole,5007,398,443,64,0,238,305,213,37,67
Jalapeno Poppers,592,51,57,28,152,70,09,02,07,12
Pork Steak,3851,203,227,49,666,1738,198,13,49,253
Easiest Beef Enchiladas Ever!,7234,363,404,197,1364,20371,452,46,118,427
Dirty Shrimp in Butter-Beer Sauce,2822,125,139,76,3163,16778,46,06,01,314
Barefoot Contessa's Oven Roasted Bacon,0,0,0,0,0,0,0,0,0,0
Sugar Cookie Icing,431,0,0,0,01,14,11,0,101,0
Chili Powder,17,0,01,0,0,04,03,01,0,01
Greek Salad Dressing,2494,243,271,37,0,236,17,01,07,02
Corned Beef in Beer (Crock Pot),8175,390,434,145,2221,26316,546,7,98,467
The Original Rice Krispies Treats Squares,1165,20,23,14,57,922,235,01,113,11
Copycat Lipton's Onion Soup Mix,47,1,01,0,0,55,11,14,44,13
Ho Ho Cake,4334,230,256,56,475,427,503,1,347,43
Dump Cake (Only 3 Ingredients!),3978,165,184,87,305,4795,584,16,168,3
English Muffins (Bread Machine Method).,2438,58,65,37,39,2085,386,15,12,7
Kittencal's Beef or Pork Marinade and Tenderizer,9149,730,812,112,0,2936,461,1,38,59
Bisquick Blueberry Muffins,2121,77,86,21,238,3049,305,1,145,36
"Roast ""Sticky"" Chicken",238,141,157,45,713,16199,62,14,23,176
Drunken Garlic Crock Pot Roast,5803,221,246,88,1874,10839,252,15,131,626
Make-Ahead Twice-Baked Potatoes,2869,100,111,7,315,5834,40,35,21,79
Crock Pot Creamy Italian Chicken,3455,204,227,117,138,6034,57,16,34,297
Fresh Blueberry Cobbler,2564,78,87,53,226,2191,425,14,258,31
Lemon Rice,2039,22,25,14,5,2058,395,07,04,45
Nestle' Oatmeal Scotchies,13115,643,715,488,215,11284,1608,12,1302,94
Buttermilk Jalapeno Cornbread,2351,88,98,21,508,438,32,15,64,54
Egg Drop Soup,112,40,45,14,93,17388,58,02,13,107
Edna's Apple Crumble (Aka. Apple Crisp),3238,99,111,67,271,996,567,41,395,25
Zucchini Bread,3476,133,149,21,349,1363,504,11,318,38
Kittencal's Technique for Perfect Easy-Peel Hard-Boiled Eggs,718,42,48,16,186,1005,04,0,02,63
Peanut Butter Balls,1176,59,66,24,61,60,137,05,125,22
"Broiled Steelhead Trout With Rosemary, Lemon and Garlic",451,41,46,07,0,1944,13,03,02,02
Hard-Boiled Eggs,715,42,48,16,186,71,04,0,02,63
Chili's Spicy Garlic & Lime Shrimp,891,56,63,37,682,7254,29,07,03,6
Southwestern Stuffed Bell Peppers,4358,120,134,52,1202,14559,50,75,118,304
Dana's Homemade Kahlua,16392,0,0,0,0,218,2526,0,2503,06
Roasted Carrots,1654,95,106,15,0,8534,177,52,87,17
Cracker Barrel Fried Apples,1726,3,04,01,0,61,443,38,338,05
Sweet Potato Pie,4591,219,244,11,982,6876,534,4,232,77
Big Grandma's Best Peanut Butter Cookies,1677,86,96,31,135,141,183,06,122,29
Potsie's Creamed Chicken and Biscuits Casserole,4986,238,265,117,1689,8278,74,03,09,549
Weight Watchers Broccoli Cheese Soup - 2 Pts Per Cup,1115,36,4,22,118,9912,92,27,4,109
Impossible Peanut Butter Cookies,1312,67,75,16,103,698,139,09,124,4
Microwave Lemon Garlic Broccoli,443,31,35,05,0,303,28,15,07,14
Appetizer Grape Jelly and Chili Sauce Meatballs or  Lil Smokies,618,0,0,0,0,1875,152,1,106,04
Uncle Bill's Microwave Potato Chips,2841,2,03,01,0,221,645,81,29,75
Joe's Crab Shack Crab Dip,1071,74,83,48,361,3213,11,01,08,7
Homemade Cream of Broccoli Soup,4213,277,308,185,778,19427,24,08,16,134
Crock Pot Candy,5047,386,43,6,0,5443,194,71,3,191
Mexican Casserole - 6.5 Weight Watcher Points,3554,52,59,22,497,8147,523,104,82,267
Soft Molasses Cookies,1026,34,39,1,44,925,164,03,97,09
Garlic Shrimp Pasta,4081,86,96,52,1158,5016,584,25,21,205
Auntie Anne's Pretzels - Copycat,5362,63,71,39,153,26673,1027,37,7,135
Meatloaf,285,140,156,62,1086,5306,155,05,75,198
Cracker Barrel Green Beans,1553,80,9,29,128,3638,157,57,76,6
Roasted Asparagus with Feta,3101,225,251,71,268,3753,156,62,53,112
Thai Coconut Rice,3696,202,225,19,0,3074,392,17,1,57
Loaded Potato and Buffalo Chicken Casserole,11383,477,53,194,2371,29487,855,116,75,803
Uncle Bill's Whipped Shortbread Cookies,1108,69,78,49,203,679,97,03,36,09
Baked Brie in Puff Pastry With Apricot or Raspberry Preserves,2283,139,155,63,227,2062,161,04,38,65
Perfect Southern Fried Chicken,6836,342,38,111,2679,20141,302,13,32,515
Philly Cheesesteak Sandwich  (((Authentic))),9653,355,395,22,1331,31436,864,5,42,635
Red Lobster Cheddar Bay Biscuits,1703,99,111,58,225,3026,143,05,25,34
Cheesecake Factory Carrot Cake Cheesecake,5938,319,355,125,1269,3113,641,16,528,73
Best Ever (And Most Versatile) Muffins!,1839,53,59,12,184,2041,296,06,126,33
Classic Black Beans and Rice,2984,66,74,11,0,37,48,75,14,94
Soft and Chewy Chocolate Chip Cookies,109,43,48,16,78,928,159,05,98,13
Sweet Potato (Yam) Casserole With Marshmallows,6097,80,89,52,514,2571,1316,76,623,53
Ham Hocks and Beans,119,0,01,0,0,12,28,05,08,04
Lazy Slow Cooker Creamy Chicken Noodle Soup,2729,97,108,28,605,6793,192,17,38,249
Red Chili Sauce  (To Be Used With Traditional Tamales),395,23,26,03,0,5856,39,08,09,07
Rhubarb Crisp,8386,220,246,149,61,2297,152,66,1062,79
Chewy Cranberry Oatmeal Cookies,1169,58,65,27,179,557,138,1,72,16
Frizzled Cabbage,1302,104,116,73,305,1218,66,28,36,16
Cranberry Feta Pinwheels,643,26,29,16,75,1305,81,05,28,16
Garlic Butter Rice,4536,274,305,63,0,3642,409,15,01,4
Crook's Corner Shrimp and Grits,5383,227,253,139,2071,18588,438,26,17,328
Dr. Pat's Hot Toddy Cold Remedy,2067,0,0,0,0,09,177,01,174,01
My Chicken Parmigiana,3326,116,129,43,1354,7903,187,23,6,335
Bread Pudding,6359,226,251,147,1683,3993,973,07,787,75
Mandarin Salad,1605,89,10,11,0,1656,174,3,134,25
Velveeta Cheese Sauce for Cauliflower and Broccoli,2265,177,197,123,60,2457,92,01,13,4
Baked Chicken Thighs/Leg Quarters,2001,129,143,4,79,239,02,0,01,166
Easy and Tasty Barbecue Chicken Sandwiches in the Crock Pot,4713,47,52,11,726,15298,748,22,405,285
So Easy Salmon Patties,6859,409,455,134,2947,3992,224,17,3,452
Red Kidney Bean Salad,5932,139,155,2,0,1531,874,264,77,302
Lucky Sweet and Sour Sauce,3319,56,63,08,0,11203,675,05,551,24
3-Step Fall off the Bone Ribs---- Easy!,3808,7,08,0,0,44434,921,21,652,02
Ground Beef Chili,284,123,137,52,578,9157,192,59,61,22
Beef-Barley Soup,1017,6,08,02,01,7463,219,53,45,36
Weight Watchers 2 Point- Pumpkin Muffins,977,26,3,08,0,1404,17,05,102,11
Nutella Hot Chocolate,5084,255,284,232,455,1821,496,3,30,137
Maple-Glazed Salmon,4545,126,14,26,1463,744,12,02,93,662
Cajun Sauteed Shrimp,1553,47,52,07,2149,11113,25,05,01,234
Shirley's Perfect Rare Roast Beef,11,0,0,0,0,11,26,05,12,03
Chicken Wellington (Puff Pastry-Wrapped Chicken),6511,389,433,146,1376,4605,318,17,28,333
Chicken Schnitzel,5539,255,284,8,2205,7415,211,12,22,484
Baked Parmesan Fish,1928,44,49,22,1172,3828,4,02,02,314
Uncle Bill's Vegetarian Minestrone Soup,1724,39,44,07,0,5778,286,7,92,67
Easy Fried Rice,2386,29,33,11,1116,9064,414,3,41,99
Basic Quiche,10066,588,654,304,5501,16677,566,22,05,462
BLT Pasta Salad,72,18,21,07,28,979,11,07,14,24
Raspberry Jam,5586,4,05,0,0,21,1431,53,1367,1
Legal Seafood Style Baked Scallops,5204,281,313,166,1168,13871,282,09,41,309
Bacon-Wrapped Jalapeno Poppers,1305,111,124,52,258,2049,1,02,06,38
Banana Oat Muffins,1951,57,64,35,29,2504,319,2,142,37
English Toffee,35637,2593,2881,1385,4881,27967,2696,155,2505,155
So It's Bekah's Pulled Pork Now,1219,17,19,04,27,18826,191,25,96,35
Enchilada Sauce,218,135,151,21,0,17044,211,68,101,52
Funky Chicken With Sesame Noodles,9008,206,23,36,755,38572,1246,55,368,486
Asian Pork Tenderloin,2878,121,135,27,738,10115,156,05,129,256
Old Fashion Berry Cobbler,4654,103,115,71,31,5794,883,08,625,43
Authentic Mexican Pozole,2457,143,159,47,483,9084,12,25,18,132
Weight Watcher 1 Point Banana Bread--Flex Points,878,2,03,01,0,2548,207,15,75,18
Creamy Ramen Noodles,3067,173,193,112,348,9892,284,1,07,56
Oreo Truffles,1282,70,78,45,99,549,131,05,109,17
Lasagna Supremo (The Best Lasagna Ever!),11691,602,67,298,2303,2927,78,8,141,666
Easy French Onion Soup,3943,134,15,9,401,1659,458,28,52,199
Grandma's Sourdough Biscuits,913,35,39,08,0,2868,122,04,0,17
Mean Guy's General Tso's Chicken,414,188,209,6,235,8956,266,03,98,259
Cranberry Scones,1794,63,71,43,292,2769,261,09,89,31
Oatmeal Chocolate Chip Cookies (No Eggs),1379,68,76,45,136,1148,174,1,97,15
Banana Nut Bread for the Bread Machine,24933,1097,1219,218,4019,23501,3198,125,1563,381
Guacamole With Sour Cream,2273,183,204,4,62,873,127,85,19,3
Grandpa's Sauerkraut and Kielbasa,6157,387,431,216,1394,2346,405,75,46,196
Crock Pot Oniony Pork Chops With Creamy Mustard Sauce,5451,296,33,133,1781,5012,115,16,28,435
Ratatouille in the Crock Pot,1392,66,74,11,0,7626,179,58,10,36
Oven Fried Eggplant (Aubergine),122,35,39,18,105,4355,175,5,56,56
Grilled Moroccan Chicken,3879,274,305,45,755,7253,27,09,04,258
Potato Salad,2161,33,38,11,1166,4231,384,42,45,85
Olive Garden Pasta E Fagioli,5062,170,189,65,804,17094,528,112,149,316
Fabulous Beef Stew,4541,76,85,35,109,11563,532,88,108,438
Weight Watchers Key Lime Pie,426,12,14,08,45,208,71,01,45,09
Chipped Beef on Toast,2301,146,163,102,588,5567,121,02,04,93
Sicilian Pizza Dough,5104,53,6,08,0,2978,979,43,14,143
Bierocks (German Hamburger- and Cabbage-filled rolls),2867,98,11,48,582,2331,346,17,54,119
Baked Mahi Mahi,2019,14,16,04,1655,2003,25,06,08,422
The Best Garlic Shrimp in the Whole Wide World,2228,200,223,5,417,1825,27,07,02,41
Basic Vanilla Custard,1965,61,68,36,1101,959,263,0,168,72
Bacon-Wrapped Water Chestnuts,478,16,18,06,27,2876,7,05,41,11
Cream Cheese Delight,3296,166,184,102,648,2907,372,12,223,48
Classic BLT Sandwich,5168,333,371,103,462,9404,347,19,54,112
Hooter's Buffalo Wings,8667,563,626,256,2497,17092,249,11,05,486
Wonderful Curried Sweet Potato Soup,2838,78,87,26,125,3862,396,55,115,84
Strawberries & Cream Bread (Strawberry or Blueberry),2837,114,127,75,676,2727,39,1,218,4
Blue Ribbon Dill Pickles,37,0,0,0,0,17711,02,0,01,0
Carolina Style Pulled Pork Sandwich,4532,185,206,7,719,7624,405,26,143,248
Simple Sweet Scones,1881,75,84,52,222,1959,249,07,42,32
Creamy Macaroni Salad,215,103,115,26,123,3126,235,1,33,46
Crab Stuffed Mushrooms,1339,91,101,5,349,3572,25,03,07,86
"Malva Pudding, South African Baked Dessert",815,386,43,261,2179,8744,1005,1,699,87
Chocolate Banana Cake,3465,120,134,3,325,4479,527,2,319,5
Cheeseburger Soup,3317,187,208,113,719,4698,173,2,19,186
Sourdough English Muffins,157,12,14,07,38,343,31,11,2,46
Southwestern Baked Spaghetti,4348,177,197,91,1035,7851,37,32,57,269
Hot Cocoa for One,270,83,93,56,342,2749,387,07,253,87
Easy Cube Steak,1881,108,12,74,305,1038,181,15,07,27
Fresh Orange Muffins,1985,74,83,5,358,2092,289,08,144,27
Carne Guisada (Mexican Beef Stew),3555,150,167,6,1247,653,94,12,2,428
Chicken Scaloppine With Lemon Glaze  (Low Fat and Delicious!),3016,85,95,19,122,6299,215,17,22,31
Chipotle's Barbacoa Copycat Recipe,3622,158,176,67,1497,5474,26,03,02,487
Decorator Buttercream Icing,1169,503,559,242,709,2394,1717,0,1679,06
Banana Cream Cheesecake (Copycat),4193,283,315,149,1226,3067,294,05,208,6
"Pan Release, Professional Pan Coating (Better Than Pam Spray!)",13981,1272,1414,292,0,08,318,11,01,43
Greek-Style Turkey Burgers,2907,166,185,82,1117,6091,36,08,16,28
Creamy Potato Salad,2963,129,143,47,603,8037,344,41,61,83
Mexican Stack-Up #RSC,793,487,541,262,174,8395,349,69,26,436
Asparagus,1102,65,73,1,0,3226,95,46,3,55
Libby's Famous Pumpkin Pie,2769,107,12,42,589,3264,373,13,195,64
Quick Cinnamon Rolls - No Yeast,1652,46,51,32,138,2598,285,06,166,2
Kittencal's Famous Barbecue Sauce for Chicken and Ribs,8058,221,247,32,0,33674,1512,48,1346,66
Homemade Ice Cream...in a Bag!,2091,125,139,87,448,712,179,0,129,36
Homemade Pie Crust,2494,140,157,98,407,4267,239,08,01,34
Chicken with Black Beans and Rice,7676,143,159,27,755,7142,1048,176,48,492
"Baklava Salmon (Salmon With Honey, Butter, Walnuts, and Mustard)",3506,198,22,88,821,3637,13,12,72,257
Sticky Pork Chops,957,1,02,01,0,7326,23,15,193,17
Roasted Brussels Sprouts,165,95,107,15,0,3338,158,66,38,59
Italian Dressing Seasoning Dry Mix,45,0,0,0,0,5821,11,02,06,01
The Lady's Perfect Scrambled Eggs ( Paula Deen ),2682,195,217,108,4068,2877,12,0,08,163
Perfect Pot Roast (Slow-Cooker),3438,61,69,28,100,8445,34,47,4,376
Ex-Mother in Law's Pork Chops With Cream of Mushroom,660,405,451,158,1912,9427,68,0,15,537
Kittencal's Extreme Chocolate Brownies,1796,86,96,57,297,90,243,12,186,21
Best Lemon Blueberry Bundt Cake,3462,117,131,78,776,2263,538,09,353,46
Yeast Biscuits,1425,61,68,17,06,2243,176,07,24,28
Baked Italian Meatballs,2628,119,132,55,775,3701,82,08,11,261
Crock Pot Corned Beef and Cabbage,13982,873,971,324,4998,58304,303,67,19,962
Applesauce Cake,3298,91,102,15,31,4695,57,12,362,38
"Fish Tacos and Cilantro Coleslaw, 20 Minutes Max",1768,32,36,09,0,2458,313,32,2,51
Texas Red Enchilada Sauce,2357,119,133,76,305,9019,285,65,111,63
Garlic Roasted Asparagus With Parmesan,3007,217,242,51,11,1986,143,51,45,108
Best Cherry Pie,4105,148,165,47,38,327,639,28,392,36
Easy Garlic Chicken,2213,58,65,11,755,1413,145,01,134,253
Easy Garlic Rice,2642,70,78,12,0,3794,411,13,16,63
Corned Beef and Cabbage (Crock Pot),7774,391,435,145,2221,29799,496,83,133,465
Ro-tel Chicken Spaghetti,6627,267,298,143,1216,18405,536,18,86,426
Bisquick Coffee Cake,3218,110,123,47,422,5536,478,11,219,51
Wendy's Frosty Copycat - 4 Ww Points,113,5,06,04,49,1506,142,0,05,97
Grilled Shrimp -- Mmmmmm,2703,83,93,12,2865,12932,138,12,7,321
Creamed Corn,2626,123,137,83,40,1381,312,19,63,68
Apple Banana Bread,3439,135,15,7,635,3809,49,24,263,52
Cinnamon Muffins,1901,89,99,61,406,2476,232,05,105,26
My No Roll Pie Crust,283,167,187,25,07,3907,255,08,15,34
Perfect Blueberry Pie Filling,4011,168,187,58,309,2639,561,36,294,42
Chimichurri,2557,244,272,38,0,2072,31,09,03,09
No Dough Meat Crust  Pizza for the Low Carb Dieter,9762,529,589,322,2928,1556,63,0,26,1005
Kittencal's Famous Caesar Salad,3916,245,273,63,309,8433,309,42,66,86
Apple Filling for Pies,1052,1,02,01,0,23,271,18,221,02
"Spinach, Tomato and Feta Quiche",2826,231,257,131,2517,239,41,07,15,97
Low Carb Breakfast Balls,403,259,288,124,1631,2156,11,01,05,328
Big Thicket Chicken and Dumplings,8393,391,435,105,1289,15728,77,32,25,328
15 Bean Soup,454,26,3,04,01,2046,44,12,22,09
Cilantro Chicken,1916,58,65,11,755,4299,72,03,46,255
Italian Bread,4559,29,33,14,51,8074,91,4,25,138
Red Enchilada Sauce,1418,53,59,1,0,11171,157,31,36,79
Benihana Japanese Fried Rice,3566,65,73,37,1045,616,607,26,3,106
Yummiest Ever Baked Mac and Cheese,7097,403,448,28,1354,12524,469,2,19,302
Bacon Lattice Tomato Muffins #RSC,6643,416,463,203,895,16511,444,19,107,188
Ground Beef and Potatoes (Oh so Simple!),3174,163,182,55,737,370,131,16,06,242
Gyros - an Authentic Recipe for Making Them at Home,1222,63,71,27,308,5351,47,04,04,93
Crock Pot Cream Cheese Ranch Chicken,4537,295,328,166,1594,9983,8,0,23,309
Chicken Stir-Fry,2898,122,136,21,756,814,137,18,3,279
Velveeta Baked Macaroni & Cheese,6017,247,275,171,858,8748,649,24,55,23
Chicken Meatballs For Spaghetti and Meatballs,3515,193,215,63,155,667,115,1,11,281
Taco Bell Taco Seasoning Clone/Copycat,1256,15,17,03,04,6655,261,33,42,36
Best Ever Bruschetta,8879,151,169,38,55,17077,1514,77,108,338
Apple French Toast Casserole,5819,186,208,11,2272,4571,883,54,582,129
Kittencal's Easy No-Fail Make Anytime Turkey Gravy,2252,167,186,117,488,1625,131,05,01,2
Stacy's Favorite Vegetable Beef Soup,3305,65,73,23,546,1529,416,86,95,268
Mixed Vegetable Casserole,2187,149,166,104,453,2366,129,37,12,65
Baileys Irish Cream Chocolate Chip Cheesecake,10113,698,776,421,3205,545,72,19,672,137
Microwave Caramels,1821,44,5,31,145,614,352,0,279,11
Hummus,1448,51,57,08,0,2198,195,41,02,54
Chocolate Fondue,21,10,11,07,43,15,15,0,01,1
Amazing Puff Balls,763,40,45,18,161,1478,65,05,07,25
Super Easy Naan Bread,180,4,05,01,0,2935,378,15,17,52
Tomato and Basil Bruschetta,2328,111,124,22,18,5728,253,23,33,55
Louisiana Style Blackened Chicken,667,62,69,09,0,5824,15,06,01,03
Pumpkin Pie Dip,1802,58,65,37,208,1349,303,31,202,15
Strawberry Pretzel Salad,3454,143,159,102,342,4994,482,14,268,45
Slow Cooker Split Pea Soup,210,6,08,01,0,3298,38,155,64,144
Moist Roasted Whole Chicken,2068,151,168,4,535,632,08,05,01,128
7-Up Biscuits,1971,108,12,58,208,3443,198,06,5,26
Quinoa Black Bean Salad,1901,24,27,04,0,98,333,95,35,10
Crusty Whole Wheat Italian Bread,924,4,05,01,0,2201,197,17,18,3
Oven French Fries,3553,43,49,07,0,146,73,65,32,68
Paula Deen's Corn Salad,3258,182,203,76,373,7428,298,27,55,105
Baked Potatoes from the Crock Pot,1065,1,01,0,0,49,246,22,11,23
High-Altitude Banana Bread,18837,521,58,328,4941,30187,3155,106,1628,328
Best Ever Bloody Mary,413,0,01,0,0,3804,77,07,53,11
Puppy Chow Snack Mix,7011,294,328,147,244,4596,1012,39,694,103
Easy Enchiladas (Beef or Chicken),7406,362,402,201,1313,19054,518,76,88,444
Stupid Easy 3 Ingredient Nacho Dip,2306,190,211,122,645,3653,37,0,15,72
Zesty Oven Baked Fries,2038,69,77,14,22,3354,308,29,14,39
Hoagie Rolls,237,32,36,05,0,3903,441,17,16,61
Chicken Waldorf Salad,2776,129,144,22,525,3583,191,37,133,203
Caramelized Chicken Wings,11033,550,612,162,2622,23855,74,05,719,666
The World's Best Bread Machine Pizza Dough Recipe,9751,145,161,23,0,16492,1801,74,56,245
Italian Parmesan Bread for Bread Machine,19705,115,128,52,22,38981,3889,165,16,658
Orange Julius,1751,21,24,14,85,348,358,04,325,33
Yummy Crispy Baked Fish,1843,29,33,11,589,6972,143,17,03,25
Easy Oven Baked Beans and Pork Chops,7826,248,277,93,199,1512,683,133,197,676
Pumpkin Dog Biscuits,699,7,08,03,193,832,128,06,06,25
New York Crumb Cake,3192,127,141,77,432,1438,444,1,198,4
Seafood Chowder,3862,212,236,141,2084,13332,211,09,23,222
Easy Baked Orange Roughy,1844,86,96,55,1082,1784,0,0,0,234
The Ultimate Strawberry Shortcake,2968,103,116,78,208,2353,466,1,355,37
Traditional Mexican Wedding Cookies,964,61,68,34,136,614,8,04,17,12
Crock-Pot Potato Chowder,2706,154,172,71,357,741,21,23,2,82
Simple Tomato Sandwich,266,97,108,18,125,6557,37,27,101,52
Family Favorite Oatmeal Pancakes,921,40,45,11,22,1812,103,07,14,27
Fish Tacos,2589,127,141,45,425,1553,169,12,11,157
Black Bean and Corn Salad ( Dip ),2635,122,136,19,0,53,317,73,55,77
Cranberry Oatmeal Muffins,2313,112,124,29,234,294,275,13,134,31
Stuffed Cabbage Rolls,3717,156,174,68,771,6506,289,41,89,249
Baked Spaghetti by Paula Deen,4565,202,225,108,852,146975,349,41,63,292
Bakery Style Chewy Chocolate Chip Cookies,265,112,125,75,409,855,379,12,251,27
Honey Garlic Chicken Thighs,10002,518,576,161,3158,18758,502,09,352,69
The Best Teriyaki Beef Jerky,2020,640,711,292,6124,154164,1051,31,743,2283
Grandma's Egg Custard Pie,2636,105,118,39,774,2561,329,08,228,66
Fresh Peach Cobbler,4481,151,168,105,449,3689,733,14,549,39
Fried Peanut Butter and Jelly Sandwich,133,14,16,04,0,2555,253,12,21,38
Uncle Bill's Method for Cooking Turkey,6753,343,381,96,258,2468,0,0,0,775
Steak with Blue Cheese Butter,5293,501,558,355,1473,8774,15,01,02,79
Easy Crock Pot Salsa Chicken,157,19,21,04,302,5998,213,5,46,154
Uncle Bill's Hamburger Patties,4559,276,308,87,1603,4681,97,05,34,331
Boston Market Squash Casserole,3969,269,30,178,762,11639,228,34,95,111
Best Baked Ziti,4644,156,174,96,784,4799,532,34,7,227
Baked Bacon (Oven Fried Bacon),3739,330,368,122,555,6801,05,0,0,95
Stuffed Mushrooms With Cream Cheese & Sausage,3432,286,319,159,839,5391,62,11,35,104
Deviled Eggs,813,48,54,16,1865,2611,13,03,09,65
Pineapple Upside-Down Cake in Iron Skillet,5707,192,213,87,556,3876,927,21,664,55
Balsamic Chicken Breasts With Peppers and Onions,3138,151,169,26,755,147,133,31,72,27
Authentic Black Forest Cake (Schwarzwald Kirsch Kuchen),10214,487,542,285,1622,6498,1341,63,1023,111
Absolutely the Best New York Cheesecake (Gluten-Free),5107,369,411,231,1559,4448,302,0,295,75
Oven-baked Parmesan Chicken Strips,4847,163,182,84,2021,9629,308,26,28,473
Funeral Potatoes,10728,716,796,385,1603,20318,713,54,73,205
Lobster Bisque,12461,1012,1125,697,5315,13222,253,33,88,274
Halibut With Garlic Mayonnaise-Parmesan Topping,2372,73,82,17,983,4449,34,03,12,355
Iced Coffee,2147,52,58,36,225,888,36,0,36,55
Mussels in White Wine and Garlic,6591,247,275,129,1731,17521,242,01,12,551
Easy Black Bean Soup,3311,108,12,18,0,380,411,139,23,165
Manwich (Copycat),3234,156,174,67,771,16444,197,14,167,232
Pizza Hut Original Pan Pizza,19754,1170,130,325,1217,17984,1459,67,147,565
Juicy Cornish Game Hens,2976,143,159,84,1393,2276,147,1,134,245
Broccoli Cheese and Potato Soup,2644,118,132,81,385,5347,229,27,19,142
Best Low Carb Bread (Bread Machine),76,31,35,1,197,198,35,11,06,82
Sweetie Pie's Mac and Cheese,12917,874,971,604,3826,22341,489,16,115,569
Baked Pork Chops and Apples,4707,198,22,84,1475,1471,259,3,215,416
Creamy Pink Vodka Sauce With Penne,4301,120,134,59,306,2738,621,103,06,82
Savoury Couscous,2715,70,78,43,196,2306,406,27,31,9
Mini Pigs-In-A-Blanket,0,0,0,0,0,0,0,0,0,0
Beth's Pizza Crust,12563,113,126,18,0,23427,2456,103,5,351
Pasta with Mushroom Garlic Sauce,6707,235,262,122,458,3121,912,5,52,189
Mom's Chocolate Gravy,2006,40,45,28,136,477,397,1,333,28
Mama Iuliucci's Famous Meat-A-Balls (Italian Meatballs),664,28,32,13,273,1243,29,01,03,61
Caramel Puff Corn,2109,112,125,78,325,2033,263,04,18,07
Bev's Macaroni and Cheese,4203,186,208,128,64,7077,394,15,13,186
Gallo Pinto (Costa Rican Rice and Beans),2494,47,53,05,0,22,426,58,08,77
New Jersey Crumb Cake,6978,269,30,69,503,7108,1001,19,575,84
Grilled Salmon,4496,296,33,66,935,6824,16,02,02,349
Krispy Kreme Doughnuts Copycat,3161,108,12,57,323,1605,479,1,263,44
Quicky Ground Turkey or Beef Casserole,4292,188,209,104,902,749,341,23,55,269
Chicken and Dumplings Like Cracker Barrel's,7105,372,414,117,172,12757,334,12,16,477
Country Fried Steak,2727,139,155,43,1072,6675,242,09,02,91
Meatball Subs (Crock Pot),4241,123,137,45,825,11786,483,39,9,248
Cake Flour Substitute,4591,9,11,02,0,36,981,31,03,113
Chicken Pot Pie with Biscuit Crust,3243,166,185,113,481,8206,33,35,07,85
Dutch Baby,4517,231,257,146,2446,1191,42,08,138,127
Salsa Chicken,2675,112,125,67,1052,7721,49,12,23,331
The  Blue Mill Tavern Loosemeat Sandwich,3138,204,227,9,813,12712,59,06,43,202
Papa John's Pizza Sauce,1737,46,52,07,0,6689,32,59,19,51
Bacon Wrapped Chicken (Oamc),3176,193,215,104,1277,342,16,0,12,282
Remoulade Sauce,371,5,07,01,0,3803,77,16,39,14
Chicken Pesto,1868,61,68,31,852,2602,08,01,04,291
Oven Fried Bisquick Chicken,11347,690,767,231,3509,16091,188,11,34,869
Honey Ginger Grilled Salmon,3068,68,76,14,784,8377,226,05,196,365
I Hate Ricotta Meat & 2 Cheese Stuffed Shells,4493,228,254,117,121,968,219,32,97,30
Cinnamon Biscuits,6948,240,268,117,374,9815,1065,2,546,82
"Steak Marinade, Quick and Easy",607,1,01,0,0,21811,111,08,25,49
Pan Fried Seasoned Tilapia,255,127,142,81,93,4612,7,18,05,265
Carrabba's Chicken Marsala,4695,292,325,155,1455,10468,74,1,23,342
Weight Watchers Chicken Pot Pie,2304,54,61,17,594,1511,173,45,03,274
Chocolate Cream Cheese Cupcakes,2219,110,123,45,218,1705,27,09,184,25
Pickled Eggs,1206,47,53,16,1865,2582,78,03,69,65
Sweet Potato Casserole,3656,179,199,35,389,1726,451,24,335,39
Crock Pot Ham Bone and Beans,1049,12,14,04,0,641,163,44,12,86
Pizza Hut Pizza Sauce - ( Copycat),3755,79,88,24,0,14379,893,297,112,106
Best Pumpkin Cookies,104,43,48,3,161,1019,149,03,104,08
Faux Febreeze,0,0,0,0,0,213,0,0,0,0
Flour Tortilla Recipe,2276,80,89,25,0,2557,32,11,01,43
Easy No Rise Pizza Crust,1769,34,38,05,0,2929,307,13,06,44
Soft Batch Chocolate Chip Cookies,2213,112,125,64,313,1659,25,09,165,29
Thick Chocolate Pudding,1608,7,08,02,25,146,321,11,168,59
Corned Beef Dinner - Crock Pot,9565,399,444,148,2222,29299,895,251,291,559
Wilton Stabilized Whipped Cream,4728,396,44,274,163,481,183,0,148,34
Chicken Rice Casserole,4423,176,196,104,927,5747,391,18,16,257
Crab Rangoon,342,30,33,19,106,436,06,0,04,06
Baked Asparagus,492,18,2,03,0,166,69,32,18,35
"Quick, Easy, and Cheap Tomato Soup",3365,137,153,9,538,2057,372,39,126,167
Home-Baked Bagels,1518,4,05,01,0,473,319,13,36,45
Homemade Beef Jerky,2033,79,88,36,786,6285,32,04,12,264
Roasted Cauliflower,1241,67,75,11,0,752,129,48,5,46
Flounder Stuffed With Shrimp and Crabmeat,3775,218,243,122,165,12179,109,21,29,294
Low-Fat Oatmeal Muffins,1102,6,08,01,04,2042,232,19,10,36
Toll House Butterscotch Chip Cookies,974,44,49,34,143,95,126,01,9,08
Pork Souvlaki,4759,216,24,63,714,476,352,16,11,281
Creamy Macaroni & Cheese - for Two or One,7012,375,418,261,1267,9242,513,25,34,302
7 - Day - Soup Diet Recipe,1252,21,24,06,13,8646,239,64,131,4
Lemon Poppy Seed Muffins,1978,73,82,44,545,2489,276,08,142,38
Homemade Microwave Popcorn,357,34,39,24,102,338,03,01,0,01
Crispy Baked Chicken Strips,6175,67,75,18,1685,488,947,33,05,392
Bread and Butter Pickles,8228,14,16,03,0,94597,1987,49,1806,52
Cheesy Shrimp & Grits Casserole,2238,97,108,63,853,9971,157,12,1,154
Five Flavor Pound Cake,6006,242,269,13,121,2042,835,08,586,67
Tapioca Pudding (using Minute Tapioca),2283,66,73,42,70,1463,338,0,231,71
Loaded Baked Potato & Chicken Casserole,6522,336,374,13,1145,9898,415,58,23,38
Green Beans from a Can That Don't Taste Like It!,468,13,15,09,36,339,75,29,35,24
Old-Fashioned Rice Custard,3914,84,94,44,2031,327,66,08,434,119
Unbelievable Chicken Meatloaf,1249,45,5,14,488,4772,86,07,3,116
Low Carb Pizza,2668,192,214,119,1586,4251,35,03,13,151
Awesome Egg Rolls,1188,66,74,28,494,608,33,1,16,94
Buttery Shrimp And Pasta,6225,268,298,174,2951,12132,505,2,18,369
Carrots & Potatoes Roasted w/ Onion and Garlic,3212,158,177,11,458,5419,391,57,66,4
Grilled Lime Shrimp,147,71,8,11,1429,9335,27,02,02,157
Corn Casserole (Paula Deen),8322,469,522,291,1217,15498,814,72,198,172
Cajun Seasoning Mix,218,3,04,01,0,31,48,16,03,09
Granny's Sugar Cookies,797,34,39,24,142,772,103,02,57,08
Spanish Chicken & Rice Bake,4968,157,175,66,1032,12212,452,24,35,391
Lasagna in a Skillet - in About 30 Minutes!,4927,154,172,83,443,10847,632,69,20,202
My Own Cube Steak and Gravy,5005,216,24,94,1475,8241,206,08,08,48
Baked Steak,4239,127,142,4,1247,5984,163,21,57,549
Bread Pudding in the Microwave,3293,119,133,75,937,3877,466,12,263,75
Ground Turkey Stroganoff,3876,228,254,105,1111,950,138,17,54,274
Quick and Easy Chicken Enchiladas,4744,226,252,129,967,12558,304,3,96,316
Egg Foo Yung,2482,146,163,43,2896,6397,97,12,46,156
Raspberry Cake Filling,6169,6,07,0,0,53,1575,167,1323,28
Bacon Wrapped Scallops,1278,100,112,4,232,2919,09,0,0,54
Jamaican Rice and Peas,2859,35,39,31,0,6392,557,12,111,67
Oven-Barbecued Chicken Wings,9434,492,547,152,2622,13073,453,08,326,624
Fresh Tomato & Mozzarella Salad,2837,207,231,89,449,3626,6,13,38,138
Tiny Cinnamon Rolls,442,6,07,02,57,523,83,05,28,11
Seasoning for Ground Pork (Italian-Style Sausage),167,2,03,0,0,23296,35,1,05,08
Fried Rice,4525,78,87,46,1083,1093,795,17,08,117
